[
{
  "model": "vocastory.word",
  "pk": 3,
  "fields": {
    "text": "insane"
  }
},
{
  "model": "vocastory.word",
  "pk": 4,
  "fields": {
    "text": "medical"
  }
},
{
  "model": "vocastory.word",
  "pk": 5,
  "fields": {
    "text": "ridiculous"
  }
},
{
  "model": "vocastory.word",
  "pk": 6,
  "fields": {
    "text": "marijuana"
  }
},
{
  "model": "vocastory.word",
  "pk": 8,
  "fields": {
    "text": "obliterate"
  }
},
{
  "model": "vocastory.word",
  "pk": 9,
  "fields": {
    "text": "heed"
  }
},
{
  "model": "vocastory.word",
  "pk": 10,
  "fields": {
    "text": "tenuous"
  }
},
{
  "model": "vocastory.word",
  "pk": 11,
  "fields": {
    "text": "assiduous"
  }
},
{
  "model": "vocastory.word",
  "pk": 12,
  "fields": {
    "text": "audacious"
  }
},
{
  "model": "vocastory.word",
  "pk": 13,
  "fields": {
    "text": "aver"
  }
},
{
  "model": "vocastory.word",
  "pk": 14,
  "fields": {
    "text": "castigate"
  }
},
{
  "model": "vocastory.word",
  "pk": 15,
  "fields": {
    "text": "capacity"
  }
},
{
  "model": "vocastory.word",
  "pk": 16,
  "fields": {
    "text": "accustom"
  }
},
{
  "model": "vocastory.word",
  "pk": 17,
  "fields": {
    "text": "advocate"
  }
},
{
  "model": "vocastory.word",
  "pk": 18,
  "fields": {
    "text": "realm"
  }
},
{
  "model": "vocastory.word",
  "pk": 19,
  "fields": {
    "text": "corrode"
  }
},
{
  "model": "vocastory.word",
  "pk": 20,
  "fields": {
    "text": "eloquent"
  }
},
{
  "model": "vocastory.word",
  "pk": 21,
  "fields": {
    "text": "recall"
  }
},
{
  "model": "vocastory.word",
  "pk": 22,
  "fields": {
    "text": "incite"
  }
},
{
  "model": "vocastory.word",
  "pk": 23,
  "fields": {
    "text": "fun"
  }
},
{
  "model": "vocastory.word",
  "pk": 24,
  "fields": {
    "text": "abysmal"
  }
},
{
  "model": "vocastory.word",
  "pk": 25,
  "fields": {
    "text": "aesthetic"
  }
},
{
  "model": "vocastory.word",
  "pk": 26,
  "fields": {
    "text": "annihilate"
  }
},
{
  "model": "vocastory.word",
  "pk": 27,
  "fields": {
    "text": "ambitious"
  }
},
{
  "model": "vocastory.word",
  "pk": 28,
  "fields": {
    "text": "apex"
  }
},
{
  "model": "vocastory.word",
  "pk": 29,
  "fields": {
    "text": "brawl"
  }
},
{
  "model": "vocastory.word",
  "pk": 30,
  "fields": {
    "text": "boost"
  }
},
{
  "model": "vocastory.word",
  "pk": 31,
  "fields": {
    "text": "clout"
  }
},
{
  "model": "vocastory.word",
  "pk": 32,
  "fields": {
    "text": "coarse"
  }
},
{
  "model": "vocastory.word",
  "pk": 33,
  "fields": {
    "text": "compliment"
  }
},
{
  "model": "vocastory.word",
  "pk": 34,
  "fields": {
    "text": "controversial"
  }
},
{
  "model": "vocastory.word",
  "pk": 35,
  "fields": {
    "text": "desolate"
  }
},
{
  "model": "vocastory.word",
  "pk": 36,
  "fields": {
    "text": "dilemma"
  }
},
{
  "model": "vocastory.word",
  "pk": 37,
  "fields": {
    "text": "discord"
  }
},
{
  "model": "vocastory.word",
  "pk": 38,
  "fields": {
    "text": "eminent"
  }
},
{
  "model": "vocastory.word",
  "pk": 39,
  "fields": {
    "text": "endow"
  }
},
{
  "model": "vocastory.word",
  "pk": 40,
  "fields": {
    "text": "erratic"
  }
},
{
  "model": "vocastory.word",
  "pk": 41,
  "fields": {
    "text": "evoke"
  }
},
{
  "model": "vocastory.word",
  "pk": 42,
  "fields": {
    "text": "exacerbate"
  }
},
{
  "model": "vocastory.word",
  "pk": 43,
  "fields": {
    "text": "exploit"
  }
},
{
  "model": "vocastory.word",
  "pk": 44,
  "fields": {
    "text": "ferocity"
  }
},
{
  "model": "vocastory.word",
  "pk": 45,
  "fields": {
    "text": "fluctuate"
  }
},
{
  "model": "vocastory.word",
  "pk": 46,
  "fields": {
    "text": "freewheeling"
  }
},
{
  "model": "vocastory.word",
  "pk": 47,
  "fields": {
    "text": "ignominous"
  }
},
{
  "model": "vocastory.word",
  "pk": 48,
  "fields": {
    "text": "imprudent"
  }
},
{
  "model": "vocastory.word",
  "pk": 49,
  "fields": {
    "text": "indulge"
  }
},
{
  "model": "vocastory.word",
  "pk": 50,
  "fields": {
    "text": "melodramatic"
  }
},
{
  "model": "vocastory.word",
  "pk": 51,
  "fields": {
    "text": "malicious"
  }
},
{
  "model": "vocastory.word",
  "pk": 52,
  "fields": {
    "text": "lament"
  }
},
{
  "model": "vocastory.word",
  "pk": 53,
  "fields": {
    "text": "novel"
  }
},
{
  "model": "vocastory.word",
  "pk": 54,
  "fields": {
    "text": "gargantuan"
  }
},
{
  "model": "vocastory.word",
  "pk": 55,
  "fields": {
    "text": "peculiar"
  }
},
{
  "model": "vocastory.word",
  "pk": 56,
  "fields": {
    "text": "pinnacle"
  }
},
{
  "model": "vocastory.word",
  "pk": 57,
  "fields": {
    "text": "virile"
  }
},
{
  "model": "vocastory.word",
  "pk": 58,
  "fields": {
    "text": "potent"
  }
},
{
  "model": "vocastory.word",
  "pk": 59,
  "fields": {
    "text": "provocative"
  }
},
{
  "model": "vocastory.word",
  "pk": 60,
  "fields": {
    "text": "quirk"
  }
},
{
  "model": "vocastory.word",
  "pk": 61,
  "fields": {
    "text": "raw"
  }
},
{
  "model": "vocastory.word",
  "pk": 62,
  "fields": {
    "text": "brutal"
  }
},
{
  "model": "vocastory.word",
  "pk": 63,
  "fields": {
    "text": "scandalous"
  }
},
{
  "model": "vocastory.word",
  "pk": 64,
  "fields": {
    "text": "repudiate"
  }
},
{
  "model": "vocastory.word",
  "pk": 65,
  "fields": {
    "text": "sinister"
  }
},
{
  "model": "vocastory.word",
  "pk": 66,
  "fields": {
    "text": "teeming"
  }
},
{
  "model": "vocastory.word",
  "pk": 67,
  "fields": {
    "text": "treacherous"
  }
},
{
  "model": "vocastory.word",
  "pk": 68,
  "fields": {
    "text": "unprecedented"
  }
},
{
  "model": "vocastory.word",
  "pk": 69,
  "fields": {
    "text": "ludicrous"
  }
},
{
  "model": "vocastory.word",
  "pk": 70,
  "fields": {
    "text": "brouhaha"
  }
},
{
  "model": "vocastory.word",
  "pk": 71,
  "fields": {
    "text": "malarkey"
  }
},
{
  "model": "vocastory.word",
  "pk": 72,
  "fields": {
    "text": "canoodle"
  }
},
{
  "model": "vocastory.word",
  "pk": 73,
  "fields": {
    "text": "nincompoop"
  }
},
{
  "model": "vocastory.word",
  "pk": 74,
  "fields": {
    "text": "apoplectic"
  }
},
{
  "model": "vocastory.word",
  "pk": 75,
  "fields": {
    "text": "aplomb"
  }
},
{
  "model": "vocastory.word",
  "pk": 76,
  "fields": {
    "text": "ballistic"
  }
},
{
  "model": "vocastory.word",
  "pk": 77,
  "fields": {
    "text": "balderdash"
  }
},
{
  "model": "vocastory.word",
  "pk": 78,
  "fields": {
    "text": "barnstorming"
  }
},
{
  "model": "vocastory.word",
  "pk": 79,
  "fields": {
    "text": "bamboozle"
  }
},
{
  "model": "vocastory.word",
  "pk": 80,
  "fields": {
    "text": "befuddle"
  }
},
{
  "model": "vocastory.word",
  "pk": 81,
  "fields": {
    "text": "berserk"
  }
},
{
  "model": "vocastory.word",
  "pk": 82,
  "fields": {
    "text": "blabbermouth"
  }
},
{
  "model": "vocastory.word",
  "pk": 83,
  "fields": {
    "text": "blubbering"
  }
},
{
  "model": "vocastory.word",
  "pk": 84,
  "fields": {
    "text": "bonkers"
  }
},
{
  "model": "vocastory.word",
  "pk": 85,
  "fields": {
    "text": "bulbous"
  }
},
{
  "model": "vocastory.word",
  "pk": 86,
  "fields": {
    "text": "cantankerous"
  }
},
{
  "model": "vocastory.word",
  "pk": 87,
  "fields": {
    "text": "chimerical"
  }
},
{
  "model": "vocastory.word",
  "pk": 88,
  "fields": {
    "text": "contraband"
  }
},
{
  "model": "vocastory.word",
  "pk": 89,
  "fields": {
    "text": "erect"
  }
},
{
  "model": "vocastory.word",
  "pk": 90,
  "fields": {
    "text": "concoct"
  }
},
{
  "model": "vocastory.word",
  "pk": 91,
  "fields": {
    "text": "venom"
  }
},
{
  "model": "vocastory.word",
  "pk": 92,
  "fields": {
    "text": "curmudgeon"
  }
},
{
  "model": "vocastory.word",
  "pk": 93,
  "fields": {
    "text": "diaphanous"
  }
},
{
  "model": "vocastory.word",
  "pk": 94,
  "fields": {
    "text": "discombobulated"
  }
},
{
  "model": "vocastory.word",
  "pk": 95,
  "fields": {
    "text": "doohickey"
  }
},
{
  "model": "vocastory.word",
  "pk": 96,
  "fields": {
    "text": "doldrums"
  }
},
{
  "model": "vocastory.word",
  "pk": 97,
  "fields": {
    "text": "elixir"
  }
},
{
  "model": "vocastory.word",
  "pk": 98,
  "fields": {
    "text": "eavesdrop"
  }
},
{
  "model": "vocastory.word",
  "pk": 99,
  "fields": {
    "text": "epiphany"
  }
},
{
  "model": "vocastory.word",
  "pk": 100,
  "fields": {
    "text": "festooned"
  }
},
{
  "model": "vocastory.word",
  "pk": 101,
  "fields": {
    "text": "fisticuffs"
  }
},
{
  "model": "vocastory.word",
  "pk": 102,
  "fields": {
    "text": "flippant"
  }
},
{
  "model": "vocastory.word",
  "pk": 103,
  "fields": {
    "text": "promiscuous"
  }
},
{
  "model": "vocastory.word",
  "pk": 104,
  "fields": {
    "text": "gadfly"
  }
},
{
  "model": "vocastory.word",
  "pk": 105,
  "fields": {
    "text": "glitch"
  }
},
{
  "model": "vocastory.word",
  "pk": 106,
  "fields": {
    "text": "goosebumps"
  }
},
{
  "model": "vocastory.word",
  "pk": 107,
  "fields": {
    "text": "humbug"
  }
},
{
  "model": "vocastory.word",
  "pk": 108,
  "fields": {
    "text": "hullabaloo"
  }
},
{
  "model": "vocastory.word",
  "pk": 109,
  "fields": {
    "text": "incognito"
  }
},
{
  "model": "vocastory.word",
  "pk": 110,
  "fields": {
    "text": "jabberwocky"
  }
},
{
  "model": "vocastory.word",
  "pk": 111,
  "fields": {
    "text": "jacuzzi"
  }
},
{
  "model": "vocastory.word",
  "pk": 112,
  "fields": {
    "text": "juggernaut"
  }
},
{
  "model": "vocastory.word",
  "pk": 113,
  "fields": {
    "text": "madcap"
  }
},
{
  "model": "vocastory.word",
  "pk": 114,
  "fields": {
    "text": "flummox"
  }
},
{
  "model": "vocastory.word",
  "pk": 115,
  "fields": {
    "text": "maelstrom"
  }
},
{
  "model": "vocastory.word",
  "pk": 116,
  "fields": {
    "text": "mayhem"
  }
},
{
  "model": "vocastory.word",
  "pk": 117,
  "fields": {
    "text": "milquetoast"
  }
},
{
  "model": "vocastory.word",
  "pk": 118,
  "fields": {
    "text": "menagerie"
  }
},
{
  "model": "vocastory.word",
  "pk": 119,
  "fields": {
    "text": "nitwit"
  }
},
{
  "model": "vocastory.word",
  "pk": 120,
  "fields": {
    "text": "numbskull"
  }
},
{
  "model": "vocastory.word",
  "pk": 121,
  "fields": {
    "text": "moron"
  }
},
{
  "model": "vocastory.word",
  "pk": 122,
  "fields": {
    "text": "phantasmagorical"
  }
},
{
  "model": "vocastory.word",
  "pk": 123,
  "fields": {
    "text": "glitz"
  }
},
{
  "model": "vocastory.word",
  "pk": 124,
  "fields": {
    "text": "pugnacious"
  }
},
{
  "model": "vocastory.word",
  "pk": 125,
  "fields": {
    "text": "riffraff"
  }
},
{
  "model": "vocastory.word",
  "pk": 126,
  "fields": {
    "text": "rubberneck"
  }
},
{
  "model": "vocastory.word",
  "pk": 127,
  "fields": {
    "text": "stupefaction"
  }
},
{
  "model": "vocastory.word",
  "pk": 128,
  "fields": {
    "text": "tomfoolery"
  }
},
{
  "model": "vocastory.word",
  "pk": 129,
  "fields": {
    "text": "usurp"
  }
},
{
  "model": "vocastory.word",
  "pk": 130,
  "fields": {
    "text": "whimsical"
  }
},
{
  "model": "vocastory.word",
  "pk": 131,
  "fields": {
    "text": "wunderkind"
  }
},
{
  "model": "vocastory.word",
  "pk": 132,
  "fields": {
    "text": "zephyr"
  }
},
{
  "model": "vocastory.word",
  "pk": 133,
  "fields": {
    "text": "lambast"
  }
},
{
  "model": "vocastory.word",
  "pk": 134,
  "fields": {
    "text": "medical"
  }
},
{
  "model": "vocastory.word",
  "pk": 135,
  "fields": {
    "text": "car"
  }
},
{
  "model": "vocastory.word",
  "pk": 136,
  "fields": {
    "text": "caravan"
  }
},
{
  "model": "vocastory.word",
  "pk": 137,
  "fields": {
    "text": "space"
  }
},
{
  "model": "vocastory.word",
  "pk": 138,
  "fields": {
    "text": "soar"
  }
},
{
  "model": "vocastory.word",
  "pk": 139,
  "fields": {
    "text": "oblivion"
  }
},
{
  "model": "vocastory.word",
  "pk": 140,
  "fields": {
    "text": "trajectory"
  }
},
{
  "model": "vocastory.word",
  "pk": 141,
  "fields": {
    "text": "terror"
  }
},
{
  "model": "vocastory.word",
  "pk": 142,
  "fields": {
    "text": "sunrise"
  }
},
{
  "model": "vocastory.word",
  "pk": 143,
  "fields": {
    "text": "philosophical"
  }
},
{
  "model": "vocastory.word",
  "pk": 144,
  "fields": {
    "text": "sea-salt"
  }
},
{
  "model": "vocastory.word",
  "pk": 145,
  "fields": {
    "text": "Ferry"
  }
},
{
  "model": "vocastory.word",
  "pk": 146,
  "fields": {
    "text": "hunt"
  }
},
{
  "model": "vocastory.word",
  "pk": 147,
  "fields": {
    "text": "torrent"
  }
},
{
  "model": "vocastory.word",
  "pk": 148,
  "fields": {
    "text": "apprehensive"
  }
},
{
  "model": "vocastory.word",
  "pk": 149,
  "fields": {
    "text": "accursed"
  }
},
{
  "model": "vocastory.word",
  "pk": 150,
  "fields": {
    "text": "demise"
  }
},
{
  "model": "vocastory.word",
  "pk": 151,
  "fields": {
    "text": "azure"
  }
},
{
  "model": "vocastory.word",
  "pk": 152,
  "fields": {
    "text": "sweat"
  }
},
{
  "model": "vocastory.word",
  "pk": 153,
  "fields": {
    "text": "blood"
  }
},
{
  "model": "vocastory.word",
  "pk": 154,
  "fields": {
    "text": "soccer"
  }
},
{
  "model": "vocastory.word",
  "pk": 155,
  "fields": {
    "text": "labour"
  }
},
{
  "model": "vocastory.word",
  "pk": 156,
  "fields": {
    "text": "yield"
  }
},
{
  "model": "vocastory.word",
  "pk": 157,
  "fields": {
    "text": "ramifications"
  }
},
{
  "model": "vocastory.word",
  "pk": 158,
  "fields": {
    "text": "phalanx"
  }
},
{
  "model": "vocastory.word",
  "pk": 159,
  "fields": {
    "text": "spear"
  }
},
{
  "model": "vocastory.word",
  "pk": 160,
  "fields": {
    "text": "frugal"
  }
},
{
  "model": "vocastory.word",
  "pk": 161,
  "fields": {
    "text": "unyielding"
  }
},
{
  "model": "vocastory.word",
  "pk": 162,
  "fields": {
    "text": "sheer"
  }
},
{
  "model": "vocastory.word",
  "pk": 163,
  "fields": {
    "text": "brawn"
  }
},
{
  "model": "vocastory.word",
  "pk": 164,
  "fields": {
    "text": "avenue"
  }
},
{
  "model": "vocastory.word",
  "pk": 165,
  "fields": {
    "text": "asphalt"
  }
},
{
  "model": "vocastory.word",
  "pk": 166,
  "fields": {
    "text": "velocity"
  }
},
{
  "model": "vocastory.word",
  "pk": 167,
  "fields": {
    "text": "perspiration"
  }
},
{
  "model": "vocastory.word",
  "pk": 168,
  "fields": {
    "text": "wind"
  }
},
{
  "model": "vocastory.word",
  "pk": 169,
  "fields": {
    "text": "circuitous"
  }
},
{
  "model": "vocastory.word",
  "pk": 170,
  "fields": {
    "text": "bebop"
  }
},
{
  "model": "vocastory.word",
  "pk": 171,
  "fields": {
    "text": "brass"
  }
},
{
  "model": "vocastory.word",
  "pk": 172,
  "fields": {
    "text": "ivory"
  }
},
{
  "model": "vocastory.word",
  "pk": 173,
  "fields": {
    "text": "chant"
  }
},
{
  "model": "vocastory.word",
  "pk": 174,
  "fields": {
    "text": "singer"
  }
},
{
  "model": "vocastory.word",
  "pk": 175,
  "fields": {
    "text": "cigar"
  }
},
{
  "model": "vocastory.word",
  "pk": 176,
  "fields": {
    "text": "whiskey"
  }
},
{
  "model": "vocastory.word",
  "pk": 177,
  "fields": {
    "text": "conference"
  }
},
{
  "model": "vocastory.word",
  "pk": 178,
  "fields": {
    "text": "sharp"
  }
},
{
  "model": "vocastory.word",
  "pk": 179,
  "fields": {
    "text": "voguish"
  }
},
{
  "model": "vocastory.word",
  "pk": 180,
  "fields": {
    "text": "discourse"
  }
},
{
  "model": "vocastory.word",
  "pk": 181,
  "fields": {
    "text": "snob"
  }
},
{
  "model": "vocastory.word",
  "pk": 182,
  "fields": {
    "text": "ranch"
  }
},
{
  "model": "vocastory.word",
  "pk": 183,
  "fields": {
    "text": "livestock"
  }
},
{
  "model": "vocastory.word",
  "pk": 184,
  "fields": {
    "text": "feedlot"
  }
},
{
  "model": "vocastory.word",
  "pk": 185,
  "fields": {
    "text": "outhouse"
  }
},
{
  "model": "vocastory.word",
  "pk": 186,
  "fields": {
    "text": "paddy"
  }
},
{
  "model": "vocastory.word",
  "pk": 187,
  "fields": {
    "text": "aviary"
  }
},
{
  "model": "vocastory.word",
  "pk": 188,
  "fields": {
    "text": "aerospace"
  }
},
{
  "model": "vocastory.word",
  "pk": 189,
  "fields": {
    "text": "fuselage"
  }
},
{
  "model": "vocastory.word",
  "pk": 190,
  "fields": {
    "text": "aviatrix"
  }
},
{
  "model": "vocastory.wordset",
  "pk": 6,
  "fields": {
    "title": "Space",
    "creation_date": "2019-12-07T14:54:16.054Z",
    "creator": 5,
    "words": [
      54,
      76,
      137,
      138,
      139,
      140,
      141,
      142
    ],
    "starred_users": [
      4
    ]
  }
},
{
  "model": "vocastory.wordset",
  "pk": 7,
  "fields": {
    "title": "Courtroom",
    "creation_date": "2019-12-07T15:12:03.385Z",
    "creator": 9,
    "words": [
      3,
      6,
      10,
      17,
      25,
      34,
      47
    ],
    "starred_users": [
      3
    ]
  }
},
{
  "model": "vocastory.wordset",
  "pk": 8,
  "fields": {
    "title": "Soccer",
    "creation_date": "2019-12-07T16:30:50.961Z",
    "creator": 4,
    "words": [
      152,
      153,
      154,
      155,
      156,
      157
    ],
    "starred_users": [
      10
    ]
  }
},
{
  "model": "vocastory.wordset",
  "pk": 9,
  "fields": {
    "title": "Sparta",
    "creation_date": "2019-12-07T16:34:24.517Z",
    "creator": 7,
    "words": [
      158,
      159,
      160,
      161,
      162,
      163
    ],
    "starred_users": [
      6
    ]
  }
},
{
  "model": "vocastory.wordset",
  "pk": 10,
  "fields": {
    "title": "Zeus",
    "creation_date": "2019-12-07T16:35:54.081Z",
    "creator": 10,
    "words": [
      12,
      15,
      16,
      18,
      28,
      35,
      41
    ],
    "starred_users": [
      6
    ]
  }
},
{
  "model": "vocastory.wordset",
  "pk": 11,
  "fields": {
    "title": "Road Trip",
    "creation_date": "2019-12-07T16:42:38.610Z",
    "creator": 1,
    "words": [
      164,
      165,
      166,
      167,
      168,
      169
    ],
    "starred_users": [
      6
    ]
  }
},
{
  "model": "vocastory.wordset",
  "pk": 12,
  "fields": {
    "title": "Jazz Bar",
    "creation_date": "2019-12-07T16:45:56.384Z",
    "creator": 8,
    "words": [
      170,
      171,
      172,
      173,
      174,
      175,
      176
    ],
    "starred_users": [
      7
    ]
  }
},
{
  "model": "vocastory.wordset",
  "pk": 13,
  "fields": {
    "title": "Conference",
    "creation_date": "2019-12-07T16:53:09.766Z",
    "creator": 10,
    "words": [
      177,
      178,
      179,
      180,
      181
    ],
    "starred_users": []
  }
},
{
  "model": "vocastory.wordset",
  "pk": 14,
  "fields": {
    "title": "Farm",
    "creation_date": "2019-12-07T17:01:53.897Z",
    "creator": 3,
    "words": [
      182,
      183,
      184,
      185,
      186,
      187
    ],
    "starred_users": [
      6,
      7
    ]
  }
},
{
  "model": "vocastory.wordset",
  "pk": 15,
  "fields": {
    "title": "Drunk night",
    "creation_date": "2019-12-07T17:10:48.250Z",
    "creator": 5,
    "words": [
      21,
      24,
      29,
      30,
      39,
      94,
      176
    ],
    "starred_users": [
      7
    ]
  }
},
{
  "model": "vocastory.story",
  "pk": 7,
  "fields": {
    "completed": false,
    "creation_date": "2019-12-07T16:31:56.042Z",
    "word_set": 6
  }
},
{
  "model": "vocastory.story",
  "pk": 8,
  "fields": {
    "completed": false,
    "creation_date": "2019-12-08T00:58:56.376Z",
    "word_set": 12
  }
},
{
  "model": "vocastory.story",
  "pk": 9,
  "fields": {
    "completed": false,
    "creation_date": "2019-12-08T01:00:00.238Z",
    "word_set": 11
  }
},
{
  "model": "vocastory.story",
  "pk": 10,
  "fields": {
    "completed": false,
    "creation_date": "2019-12-08T11:11:28.792Z",
    "word_set": 8
  }
},
{
  "model": "vocastory.sentence",
  "pk": 81,
  "fields": {
    "creation_date": "2019-12-07T16:47:38.172Z",
    "text": "What space is actually?",
    "stylized_text": "What <a href='/vocastory/show_meaning/137/'>space</a> is actually?",
    "order": 0,
    "is_selected": true,
    "story": 7,
    "creator": 1,
    "used_words": [
      137
    ],
    "voted_users": [
      6,
      7
    ]
  }
},
{
  "model": "vocastory.sentence",
  "pk": 82,
  "fields": {
    "creation_date": "2019-12-08T00:58:52.492Z",
    "text": "The obvious terror that brought made me crazy.",
    "stylized_text": "The obvious <a href='/vocastory/show_meaning/141/'>terror</a> that brought made me crazy.",
    "order": 0,
    "is_selected": false,
    "story": 7,
    "creator": 3,
    "used_words": [
      141
    ],
    "voted_users": []
  }
},
{
  "model": "vocastory.sentence",
  "pk": 83,
  "fields": {
    "creation_date": "2019-12-08T00:59:16.869Z",
    "text": "Being a singer was always my dream.",
    "stylized_text": "Being a <a href='/vocastory/show_meaning/174/'>singer</a> was always my dream.",
    "order": 0,
    "is_selected": true,
    "story": 8,
    "creator": 3,
    "used_words": [
      174
    ],
    "voted_users": [
      7
    ]
  }
},
{
  "model": "vocastory.sentence",
  "pk": 84,
  "fields": {
    "creation_date": "2019-12-08T05:04:04.266Z",
    "text": "space.",
    "stylized_text": "<a href='/vocastory/show_meaning/137/'>space</a>.",
    "order": 0,
    "is_selected": false,
    "story": 7,
    "creator": 7,
    "used_words": [
      137
    ],
    "voted_users": []
  }
},
{
  "model": "vocastory.sentence",
  "pk": 85,
  "fields": {
    "creation_date": "2019-12-08T09:23:13.155Z",
    "text": "ivory.",
    "stylized_text": "<a href='/vocastory/show_meaning/172/'>ivory</a>.",
    "order": 0,
    "is_selected": false,
    "story": 8,
    "creator": 6,
    "used_words": [
      172
    ],
    "voted_users": []
  }
},
{
  "model": "vocastory.sentence",
  "pk": 86,
  "fields": {
    "creation_date": "2019-12-08T11:10:21.439Z",
    "text": "avenue.",
    "stylized_text": "<a href='/vocastory/show_meaning/164/'>avenue</a>.",
    "order": 0,
    "is_selected": false,
    "story": 9,
    "creator": 6,
    "used_words": [
      164
    ],
    "voted_users": []
  }
},
{
  "model": "vocastory.sentence",
  "pk": 87,
  "fields": {
    "creation_date": "2019-12-08T11:11:26.323Z",
    "text": "space is enormous.",
    "stylized_text": "<a href='/vocastory/show_meaning/137/'>space</a> is enormous.",
    "order": 1,
    "is_selected": false,
    "story": 7,
    "creator": 6,
    "used_words": [
      137
    ],
    "voted_users": []
  }
}
]
